IDCliente,TelefoneFixo,Celular,Email,NomeCliente
100,21 2226-9760,21 99671-7102,ggoering0@walmart.com,Gretal Goering
101,21 2204-8770,21 99827-2005,btruelock1@ca.gov,Bertina Truelock
102,21 2285-0129,21 99288-2071,clawee2@theatlantic.com,Callida Lawee
103,21 2218-5904,21 99416-0297,rasch3@squidoo.com,Ruthie Asch
104,21 2259-2158,21 99718-1519,sarrighini4@adobe.com,Sari Arrighini
105,21 2298-4060,21 99163-6339,dhabbeshaw5@reddit.com,Dyane Habbeshaw
106,21 2215-1215,21 99604-5064,bdugan6@apache.org,Barret Dugan
107,21 2236-5536,21 99274-5240,lburthom7@ox.ac.uk,Lonee Burthom
108,21 2248-0783,21 99717-9553,grickeard8@yelp.com,Gusella Rickeard
109,21 2218-9803,21 99538-4175,hkinde9@purevolume.com,Hercules Kinde
110,21 2232-2014,21 99900-3648,lfewella@smh.com.au,Lynn Fewell
111,21 2268-1141,21 99568-5378,llashmoreb@stanford.edu,Lanny Lashmore
112,21 2278-3210,21 99615-3591,rcamellic@jugem.jp,Rob Camelli
113,21 2272-0542,21 99972-9047,rcockingsd@msn.com,Rodolphe Cockings
114,21 2223-9443,21 99791-7269,dwattame@fc2.com,Derril Wattam
115,21 2227-5900,21 99646-1793,bmathwenf@cisco.com,Bethina Mathwen
116,21 2232-7853,21 99968-4727,mpaulling@cyberchimps.com,Mead Paullin
117,21 2298-0476,21 99178-6087,shawfordh@myspace.com,Shanda Hawford
118,21 2229-2642,21 99786-4513,ajackalini@technorati.com,Ardra Jackalin
119,21 2238-5436,21 99204-2070,gdej@163.com,Grannie De la Yglesias
120,21 2297-8265,21 99618-0755,aduffieldk@adobe.com,Anallese Duffield
121,21 2252-2737,21 99461-9600,sbarensenl@marketwatch.com,Sal Barensen
122,21 2248-6096,21 99164-2152,cbirranem@theatlantic.com,Ches Birrane
123,21 2242-6226,21 99136-9486,jdibdinn@reference.com,Jacob Dibdin
124,21 2238-6248,21 99982-1236,rpowiso@spiegel.de,Reiko Powis
125,21 2248-9675,21 99567-2302,awalfordp@webs.com,Austin Walford
126,21 2229-9642,21 99221-1277,jkiesselq@sina.com.cn,Jarrad Kiessel
127,21 2286-4891,21 99550-8255,pcrowterr@seattletimes.com,Paolo Crowter
128,21 2204-1290,21 99568-7366,abarness@mysql.com,Aimee Barnes
129,21 2237-7628,21 99484-4569,bbearnet@ow.ly,Bobby Bearne
130,21 2252-3944,21 99572-7154,ocoolingu@slate.com,Oneida Cooling
131,21 2265-3745,21 99044-7235,mdufairev@netvibes.com,Malory Dufaire
132,21 2225-7344,21 99260-6650,cmackeeverw@narod.ru,Correna MacKeever
133,21 2280-6819,21 99197-3507,ituffellx@is.gd,Isabelita Tuffell
134,21 2248-4412,21 99880-8782,twestphaly@fda.gov,Thorstein Westphal
135,21 2263-3573,21 99855-5562,whaswallz@soup.io,Walden Haswall
136,21 2227-2410,21 99450-2832,ejockle10@cbslocal.com,Ermanno Jockle
137,21 2287-6877,21 99269-4438,ecraze11@dyndns.org,Evie Craze
138,21 2277-9882,21 99617-2748,nbaldocci12@cocolog-nifty.com,Neil Baldocci
139,21 2255-2245,21 99562-6515,vrennison13@networkadvertising.org,Vassily Rennison
140,21 2287-3211,21 99195-9972,bgreenier14@go.com,Betti Greenier
141,21 2256-2179,21 99126-9869,coregan15@usda.gov,Cosmo O'Regan
142,21 2288-2795,21 99371-0207,wverdie16@sohu.com,Woodie Verdie
143,21 2275-9589,21 99981-8783,alehr17@wufoo.com,Afton Lehr
144,21 2212-7158,21 99069-7891,cridolfi18@soundcloud.com,Claudetta Ridolfi
145,21 2261-0138,21 99695-8932,gwalenta19@skyrock.com,Gerry Walenta
146,21 2258-2230,21 99893-3078,ntwidale1a@microsoft.com,Noel Twidale
147,21 2211-7167,21 99315-6536,bwrassell1b@nymag.com,Burg Wrassell
148,21 2285-6007,21 99944-8517,ebroom1c@earthlink.net,Emmalynne Broom
149,21 2234-8442,21 99348-3477,bdenekamp1d@bbb.org,Bettine Denekamp
150,21 2283-3992,21 99227-7966,aboulter1e@imdb.com,Arlana Boulter
151,21 2265-6241,21 99806-7611,ngirardetti1f@mit.edu,Naomi Girardetti
152,21 2271-3110,21 99379-0200,asorrill1g@macromedia.com,Abramo Sorrill
153,21 2291-4077,21 99146-9172,mbayles1h@nbcnews.com,Mela Bayles
154,21 2221-6732,21 99576-4504,nmingus1i@webnode.com,Niels Mingus
155,21 2279-6528,21 99726-1066,oniven1j@posterous.com,Opal Niven
156,21 2201-5693,21 99727-4516,bdomenico1k@e-recht24.de,Barrie Domenico
157,21 2278-7622,21 99015-7514,klingley1l@harvard.edu,Katti Lingley
158,21 2237-5904,21 99387-6914,fpartleton1m@businessweek.com,Fairfax Partleton
159,21 2260-4844,21 99806-7500,dblasetti1n@adobe.com,Diarmid Blasetti
160,21 2291-9641,21 99677-4493,gfullylove1o@intel.com,Gino Fullylove
161,21 2203-9042,21 99302-7904,bjandak1p@seattletimes.com,Bradan Jandak
162,21 2217-3496,21 99839-9994,gspuffard1q@myspace.com,Georgy Spuffard
163,21 2218-9936,21 99922-5186,maimer1r@thetimes.co.uk,Minerva Aimer
164,21 2294-8546,21 99403-7527,cworsnap1s@cdc.gov,Chet Worsnap
165,21 2237-1196,21 99902-8571,ngregorin1t@independent.co.uk,Ninnette Gregorin
166,21 2286-5766,21 99542-8948,etebbe1u@usda.gov,Erick Tebbe
167,21 2248-2329,21 99355-4051,bblonfield1v@japanpost.jp,Brittany Blonfield
168,21 2245-7289,21 99444-7222,nhallgalley1w@twitpic.com,Norbie Hallgalley
169,21 2296-7559,21 99960-1184,mryce1x@ox.ac.uk,Milka Ryce
170,21 2213-1918,21 99777-6133,dbutfield1y@tumblr.com,Dalston Butfield
171,21 2276-8868,21 99654-1369,afilyakov1z@skyrock.com,Augustine Filyakov
172,21 2216-9119,21 99258-7336,ejozefczak20@youtube.com,Eden Jozefczak
173,21 2237-5404,21 99840-3353,ckenningham21@barnesandnoble.com,Casey Kenningham
174,21 2261-6957,21 99271-6592,ebriscow22@whitehouse.gov,Evangelin Briscow
175,21 2294-4832,21 99993-5920,lmaciunas23@discuz.net,Lem Maciunas
176,21 2237-1988,21 99764-0286,epechard24@shutterfly.com,Estrellita Pechard
177,21 2229-7940,21 99117-0693,stwiggins25@go.com,Suzanna Twiggins
178,21 2235-8972,21 99602-3975,sgirardengo26@eepurl.com,Sidoney Girardengo
179,21 2237-7632,21 99832-9765,hdurrance27@list-manage.com,Hilliard Durrance
180,21 2216-9157,21 99562-0490,vnockolds28@bizjournals.com,Vere Nockolds
181,21 2245-6886,21 99586-7440,aspiers29@tripod.com,Alvera Spiers
182,21 2225-9399,21 99063-3527,ngagg2a@rakuten.co.jp,Neel Gagg
183,21 2280-9134,21 99627-3489,paupol2b@engadget.com,Putnem Aupol
184,21 2295-7375,21 99028-5579,dblayney2c@xing.com,Deena Blayney
185,21 2249-9146,21 99743-0133,jdoidge2d@imdb.com,Jessa Doidge
186,21 2229-3668,21 99229-2957,ncraigie2e@so-net.ne.jp,Niall Craigie
187,21 2287-3895,21 99031-8147,zlount2f@xrea.com,Zabrina Lount
188,21 2259-5492,21 99410-7384,abeagin2g@nbcnews.com,Ardeen Beagin
189,21 2236-8311,21 99377-9501,lmichael2h@pcworld.com,Lemar Michael
190,21 2286-6160,21 99730-9616,opavie2i@uol.com.br,Orville Pavie
191,21 2245-5070,21 99627-0530,mgierke2j@discovery.com,Mahmoud Gierke
192,21 2290-8967,21 99652-7116,efranzman2k@youtube.com,Emelia Franzman
193,21 2257-2871,21 99430-8285,pmorter2l@tamu.edu,Peria Morter
194,21 2229-2466,21 99879-9996,fbuckoke2m@zdnet.com,Fleur Buckoke
195,21 2210-2779,21 99226-0622,kbril2n@yandex.ru,Korry Bril
196,21 2219-7266,21 99648-8087,ddows2o@whitehouse.gov,Dolli Dows
197,21 2267-2200,21 99350-1455,mstobbe2p@feedburner.com,Merrick Stobbe
198,21 2202-4496,21 99688-8759,aoglesbee2q@arizona.edu,Alecia Oglesbee
199,21 2213-6307,21 99859-5098,ewenzel2r@oakley.com,Ermanno Wenzel
200,21 2210-8027,21 99551-8716,mdooney2s@rakuten.co.jp,Matthew Dooney
201,21 2230-1845,21 99346-3256,gdemschke2t@addtoany.com,Gil Demschke
202,21 2222-2204,21 99765-5854,ckench2u@netvibes.com,Caryn Kench
203,21 2265-0575,21 99088-9873,fguirardin2v@theguardian.com,Fernandina Guirardin
204,21 2222-1654,21 99166-5190,rdaddow2w@youku.com,Retha Daddow
205,21 2210-7405,21 99611-8164,ldew2x@liveinternet.ru,Loreen Dew
206,21 2243-9532,21 99645-6864,dreynolds2y@privacy.gov.au,Donalt Reynolds
207,21 2288-4801,21 99419-7020,gwalsh2z@xrea.com,Gerrie Walsh
208,21 2200-7382,21 99980-0963,sluciani30@amazon.co.jp,Shaine Luciani
209,21 2214-9601,21 99103-1708,hkingaby31@stanford.edu,Harbert Kingaby
210,21 2247-3869,21 99921-7347,mzealey32@bigcartel.com,Madelene Zealey
211,21 2202-4944,21 99668-0710,fdono33@prweb.com,Felizio Dono
212,21 2284-3698,21 99383-9850,scourse34@bing.com,Sallyann Course
213,21 2230-9189,21 99039-2393,mstrathman35@merriam-webster.com,Mirabelle Strathman
214,21 2268-1746,21 99927-4899,amurrow36@thetimes.co.uk,Ainslie Murrow
215,21 2291-6566,21 99004-7709,jnorwich37@tiny.cc,Jonis Norwich
216,21 2207-8778,21 99557-1679,bsandcraft38@seattletimes.com,Budd Sandcraft
217,21 2213-6429,21 99854-2088,croullier39@wikia.com,Conrade Roullier
218,21 2211-0108,21 99799-6964,ellewhellin3a@wired.com,Ethe Llewhellin
219,21 2249-3298,21 99371-2634,tgomar3b@friendfeed.com,Thurston Gomar
220,21 2223-8794,21 99876-4186,vhobbema3c@businessinsider.com,Veradis Hobbema
221,21 2206-6242,21 99485-6999,bkarlicek3d@1688.com,Bernadina Karlicek
222,21 2222-5092,21 99255-0260,gsmitheman3e@blogspot.com,Grange Smitheman
223,21 2293-8965,21 99583-7972,mseabert3f@sbwire.com,Melania Seabert
224,21 2228-2408,21 99432-2591,rwarkup3g@msu.edu,Rafa Warkup
225,21 2216-8816,21 99668-6420,apyford3h@ox.ac.uk,Anson Pyford
226,21 2237-7063,21 99204-3612,pors3i@mail.ru,Preston Ors
227,21 2200-2341,21 99604-1801,hpashe3j@dailymotion.com,Hughie Pashe
228,21 2251-8391,21 99778-7254,bpendrich3k@pen.io,Bertrando Pendrich
229,21 2275-6835,21 99560-9695,kballing3l@ebay.com,Kelsy Balling
230,21 2284-3472,21 99386-9538,iledamun3m@tripadvisor.com,Irvin Ledamun
231,21 2231-6766,21 99550-3869,lgarvie3n@so-net.ne.jp,Loydie Garvie
232,21 2219-4105,21 99603-3899,dhuntley3o@npr.org,Dorie Huntley
233,21 2294-2375,21 99478-8908,smiklem3p@comsenz.com,Sal Miklem
234,21 2225-5770,21 99533-4538,rmc3q@tamu.edu,Rollie Mc Ilwrick
235,21 2233-8788,21 99036-0781,tboomes3r@prnewswire.com,Tiffani Boomes
236,21 2202-5886,21 99451-6268,rhalligan3s@skype.com,Rowe Halligan
237,21 2290-9925,21 99717-1849,cpardie3t@joomla.org,Candy Pardie
238,21 2214-3044,21 99951-3962,cwynter3u@intel.com,Cari Wynter
239,21 2267-3829,21 99366-7147,lgreiser3v@disqus.com,Lorie Greiser
240,21 2290-6002,21 99597-4342,rsantorini3w@slate.com,Reine Santorini
241,21 2286-2995,21 99580-7141,cdanhel3x@wisc.edu,Cathlene Danhel
242,21 2298-3434,21 99663-5056,mpenvarne3y@naver.com,Martie Penvarne
243,21 2276-2616,21 99746-7142,tstable3z@tinypic.com,Towny Stable
244,21 2243-8360,21 99001-5477,jmarriner40@csmonitor.com,Jack Marriner
245,21 2238-1994,21 99720-7548,ngann41@timesonline.co.uk,Nananne Gann
246,21 2227-0950,21 99515-3539,vmcilmurray42@wordpress.org,Valerye McIlmurray
247,21 2277-6442,21 99840-0000,fatchly43@google.co.uk,Ferguson Atchly
248,21 2229-7002,21 99885-7987,kdmitrievski44@nbcnews.com,Kandy Dmitrievski
249,21 2246-9576,21 99744-4034,jkearn45@prnewswire.com,Jere Kearn
250,21 2204-9871,21 99972-9547,abatstone46@cargocollective.com,Angel Batstone
251,21 2234-1286,21 99571-3676,clampart47@xrea.com,Clemence Lampart
252,21 2237-3801,21 99995-3908,rlinn48@google.com,Roddie Linn
253,21 2232-3102,21 99095-3238,lohalleghane49@gizmodo.com,Ludovika O'Halleghane
254,21 2242-2181,21 99928-0837,gcosham4a@youku.com,Gloriane Cosham
255,21 2256-2431,21 99955-6361,jjoseff4b@vk.com,Johnath Joseff
256,21 2214-7369,21 99902-2837,cwonter4c@wiley.com,Cynthie Wonter
257,21 2249-9037,21 99158-9573,cbryde4d@samsung.com,Caldwell Bryde
258,21 2284-7061,21 99003-1688,hplaistowe4e@paypal.com,Humfried Plaistowe
259,21 2251-1893,21 99964-5031,iwatchorn4f@51.la,Isaac Watchorn
260,21 2204-6415,21 99518-8022,hmauvin4g@uol.com.br,Hercule Mauvin
261,21 2263-7148,21 99771-7454,kbegg4h@linkedin.com,Katerina Begg
262,21 2261-3524,21 99330-6446,nmahy4i@surveymonkey.com,Novelia Mahy
263,21 2259-5744,21 99077-4105,cpheasey4j@symantec.com,Cammi Pheasey
264,21 2256-4555,21 99897-6887,kmonck4k@comsenz.com,Kip Monck
265,21 2271-1281,21 99800-2345,gmaccarlich4l@bloglovin.com,Gigi MacCarlich
266,21 2249-1820,21 99456-9964,bohingerty4m@pinterest.com,Burk O'Hingerty
267,21 2225-5326,21 99687-8331,cmoorman4n@google.it,Carri Moorman
268,21 2270-5950,21 99676-6484,lnorthedge4o@merriam-webster.com,Leonore Northedge
269,21 2209-7632,21 99064-9609,ctredger4p@pcworld.com,Coral Tredger
270,21 2247-5580,21 99761-8718,vcarmichael4q@biblegateway.com,Vevay Carmichael
271,21 2298-0473,21 99952-1580,jemer4r@cbslocal.com,Jennilee Emer
272,21 2279-6522,21 99866-2979,cjosipovic4s@tamu.edu,Carmelita Josipovic
273,21 2249-2433,21 99578-9734,plachaize4t@yolasite.com,Prinz Lachaize
274,21 2204-7344,21 99201-0013,jleblanc4u@upenn.edu,Julee Leblanc
275,21 2219-5214,21 99172-9895,ebradnocke4v@godaddy.com,Emlyn Bradnocke
276,21 2274-2979,21 99421-4532,sspriggs4w@technorati.com,Samara Spriggs
277,21 2258-3932,21 99213-5816,klampbrecht4x@reuters.com,Kali Lampbrecht
278,21 2206-2023,21 99585-7359,okellart4y@patch.com,Olvan Kellart
279,21 2221-2931,21 99993-4331,eborgbartolo4z@twitter.com,Edvard Borg-Bartolo
280,21 2299-4322,21 99479-9903,mkann50@mozilla.org,Mikaela Kann
281,21 2282-1776,21 99429-7135,mship51@mail.ru,Manon Ship
282,21 2233-0838,21 99023-4812,bveitch52@addthis.com,Bartholomeus Veitch
283,21 2292-4865,21 99750-1592,evurley53@cyberchimps.com,Esma Vurley
284,21 2203-7656,21 99198-1557,tfallen54@infoseek.co.jp,Tiphani Fallen
285,21 2202-0362,21 99012-8015,dernke55@reverbnation.com,Denys Ernke
286,21 2288-2777,21 99411-4947,twraxall56@indiegogo.com,Tye Wraxall
287,21 2273-8047,21 99771-2367,jhabbon57@feedburner.com,Janel Habbon
288,21 2246-7326,21 99758-6584,phens58@google.es,Petronilla Hens
289,21 2239-8886,21 99402-1231,olargent59@sitemeter.com,Omero L'argent
290,21 2201-5777,21 99732-9358,csilby5a@yale.edu,Corrianne Silby
291,21 2237-5297,21 99168-5832,xhourigan5b@businessinsider.com,Xenos Hourigan
292,21 2236-7269,21 99491-5772,aeary5c@cam.ac.uk,Allan Eary
293,21 2252-0807,21 99646-8121,lmcelvine5d@reuters.com,Lonny McElvine
294,21 2290-5230,21 99330-7236,fmariette5e@mlb.com,Forrest Mariette
295,21 2265-0167,21 99773-2774,jkeely5f@cbslocal.com,Jorrie Keely
296,21 2226-5028,21 99541-6617,kdawe5g@cdbaby.com,Karel Dawe
297,21 2248-9535,21 99198-4368,jperigoe5h@pinterest.com,Jeth Perigoe
298,21 2295-2188,21 99176-3961,ckowalik5i@reddit.com,Candie Kowalik
299,21 2220-1020,21 99648-9746,rrainer5j@wikia.com,Randal Rainer
300,21 2282-8889,21 99009-1814,kmackim5k@hugedomains.com,Kalil MacKim
301,21 2277-0406,21 99317-4615,rpagon5l@fastcompany.com,Rebecka Pagon
302,21 2254-7674,21 99250-4246,cpreto5m@so-net.ne.jp,Crissy Preto
303,21 2202-6188,21 99450-7568,ceastby5n@globo.com,Celine Eastby
304,21 2277-2909,21 99961-5559,fschimek5o@smh.com.au,Ferrel Schimek
305,21 2279-6123,21 99880-7210,nanstead5p@tumblr.com,Nikolaos Anstead
306,21 2238-3134,21 99087-0018,bbasketter5q@domainmarket.com,Bliss Basketter
307,21 2281-7860,21 99082-6475,ehyam5r@yale.edu,Elli Hyam
308,21 2252-2379,21 99276-9002,pbohlmann5s@cdbaby.com,Patty Bohlmann
309,21 2214-6599,21 99062-6091,dla5t@weather.com,Donnie La Rosa
310,21 2255-6513,21 99844-6411,fbastian5u@comsenz.com,Fabien Bastian
311,21 2264-8513,21 99463-3646,bboldry5v@moonfruit.com,Barbette Boldry
312,21 2208-4881,21 99378-3505,bspedding5w@va.gov,Buckie Spedding
313,21 2216-6319,21 99951-1776,rhaslock5x@cbsnews.com,Rahal Haslock
314,21 2264-8979,21 99500-3463,ghenric5y@hud.gov,Gabrielle Henric
315,21 2262-3209,21 99426-2885,gdunckley5z@google.it,Gerhardt Dunckley
316,21 2244-4650,21 99590-4280,cjacob60@friendfeed.com,Carol Jacob
317,21 2220-5547,21 99527-8875,mmillward61@yahoo.co.jp,Moll Millward
318,21 2283-0371,21 99430-9976,vcosgrave62@indiatimes.com,Valerie Cosgrave
319,21 2286-9579,21 99460-9764,nruselin63@pagesperso-orange.fr,Nikos Ruselin
320,21 2228-3750,21 99137-6073,kleteurtre64@marketwatch.com,Kale Leteurtre
321,21 2298-5123,21 99220-9450,jtremeer65@wix.com,Jerad Tremeer
322,21 2264-1931,21 99151-8979,mbengall66@miibeian.gov.cn,Monty Bengall
323,21 2259-1339,21 99669-6462,daguirre67@gnu.org,Devin Aguirre
324,21 2230-7774,21 99377-3670,jbusfield68@msn.com,Junina Busfield
325,21 2236-9832,21 99164-0117,lfuke69@surveymonkey.com,Lin Fuke
326,21 2282-1553,21 99152-7451,dwalentynowicz6a@about.com,Debbie Walentynowicz
327,21 2280-6198,21 99140-7516,bwainman6b@gravatar.com,Briggs Wainman
328,21 2248-2078,21 99531-5516,mwithers6c@about.com,Myca Withers
329,21 2208-7992,21 99566-6403,gcolebourn6d@yandex.ru,Garold Colebourn
330,21 2213-6341,21 99445-6531,mtwatt6e@nytimes.com,Micki Twatt
331,21 2279-5282,21 99010-9596,alinge6f@techcrunch.com,Arney Linge
332,21 2252-7267,21 99280-5382,jmorgan6g@census.gov,Jorry Morgan
333,21 2247-3398,21 99450-6375,jkimbell6h@flickr.com,Jacki Kimbell
334,21 2242-4930,21 99996-7833,rpancoust6i@odnoklassniki.ru,Roxana Pancoust
335,21 2243-6542,21 99800-1539,bburle6j@huffingtonpost.com,Barnabe Burle
336,21 2212-0699,21 99545-9840,bteideman6k@answers.com,Ban Teideman
337,21 2204-6946,21 99087-9302,oschindler6l@furl.net,Oliy Schindler
338,21 2283-1952,21 99324-3273,hdahle6m@zdnet.com,Helenka Dahle
339,21 2288-5698,21 99016-4597,tgisbye6n@seesaa.net,Todd Gisbye
340,21 2200-9800,21 99604-1881,kgrut6o@seesaa.net,Karoly Grut
341,21 2200-0380,21 99728-5411,bdaggett6p@earthlink.net,Berry Daggett
342,21 2297-7070,21 99465-9020,bgarnall6q@wiley.com,Berkeley Garnall
343,21 2282-3571,21 99592-9009,tlantuffe6r@furl.net,Tessie Lantuffe
344,21 2270-9428,21 99974-9773,sobbard6s@miibeian.gov.cn,Sonja Obbard
345,21 2227-0872,21 99666-2881,bwelham6t@prnewswire.com,Bria Welham
346,21 2274-3499,21 99694-3701,edaulton6u@alexa.com,Eula Daulton
347,21 2282-3334,21 99394-0079,jfortie6v@mit.edu,Jeremie Fortie
348,21 2264-2636,21 99552-7382,tcrowhurst6w@ow.ly,Tobe Crowhurst
349,21 2242-0237,21 99388-6795,hferia6x@xing.com,Heywood Feria
350,21 2207-2299,21 99074-8236,mottosen6y@oaic.gov.au,Meyer Ottosen
351,21 2245-7035,21 99720-1059,ggabriely6z@cafepress.com,Greta Gabriely
352,21 2241-8036,21 99415-1402,jfarnie70@cocolog-nifty.com,Jacqueline Farnie
353,21 2251-9698,21 99000-7315,ehazley71@people.com.cn,Elna Hazley
354,21 2229-3973,21 99758-1088,cyelding72@disqus.com,Charlean Yelding
355,21 2231-0554,21 99288-4817,cchater73@live.com,Cosme Chater
356,21 2292-3510,21 99132-8065,gvase74@unblog.fr,Garik Vase
357,21 2297-3160,21 99179-1685,lskate75@last.fm,Laureen Skate
358,21 2229-0024,21 99503-7147,ryashanov76@boston.com,Romeo Yashanov
359,21 2260-7881,21 99890-9775,nforshaw77@howstuffworks.com,Neala Forshaw
360,21 2246-1352,21 99901-7791,lvaan78@sbwire.com,Ludwig Vaan
361,21 2299-1223,21 99318-2578,bbarnett79@earthlink.net,Benny Barnett
362,21 2233-5898,21 99989-9591,ikits7a@sourceforge.net,Isidor Kits
363,21 2264-7446,21 99644-2155,sseif7b@aol.com,Sarette Seif
364,21 2256-9645,21 99334-2819,mbredbury7c@archive.org,Major Bredbury
365,21 2256-9257,21 99627-9459,ljanowicz7d@jiathis.com,Leupold Janowicz
366,21 2268-5898,21 99316-3397,crignold7e@aol.com,Carolee Rignold
367,21 2253-1587,21 99468-8140,bjendrach7f@etsy.com,Bobbee Jendrach
368,21 2207-5816,21 99010-2796,lmctavish7g@blogspot.com,Lindon McTavish
369,21 2205-9051,21 99704-1527,esandells7h@hostgator.com,Esra Sandells
370,21 2277-8639,21 99492-7552,sollerenshaw7i@loc.gov,Susy Ollerenshaw
371,21 2221-8073,21 99601-2581,fstratten7j@stanford.edu,Flss Stratten
372,21 2284-4318,21 99047-0001,adacth7k@wp.com,Alphonse D'Acth
373,21 2257-7858,21 99228-3493,gstrong7l@jalbum.net,Gerry Strong
374,21 2258-4616,21 99577-5646,bmuzzollo7m@about.me,Barbabra Muzzollo
375,21 2279-0771,21 99706-4277,bmonahan7n@usatoday.com,Bjorn Monahan
376,21 2237-6423,21 99179-9656,jarnull7o@sakura.ne.jp,Joella Arnull
377,21 2296-7817,21 99993-8223,htorra7p@google.co.uk,Hildagarde Torra
378,21 2210-8048,21 99549-2769,fclowley7q@buzzfeed.com,Freddie Clowley
379,21 2261-5261,21 99314-1072,adallender7r@odnoklassniki.ru,Adan Dallender
380,21 2211-9919,21 99647-8814,rquarles7s@ask.com,Rene Quarles
381,21 2230-4923,21 99412-9957,vcrosskell7t@drupal.org,Vince Crosskell
382,21 2283-3916,21 99412-5623,uboutcher7u@sitemeter.com,Ulises Boutcher
383,21 2257-9810,21 99365-6359,nmocher7v@ehow.com,Nevile Mocher
384,21 2256-9059,21 99454-3485,dmasser7w@theglobeandmail.com,Donaugh Masser
385,21 2235-8271,21 99724-0768,cdavidai7x@booking.com,Calv Davidai
386,21 2269-8324,21 99800-1134,eellin7y@tinypic.com,Elsinore Ellin
387,21 2256-4681,21 99103-7859,pmatterson7z@statcounter.com,Pearl Matterson
388,21 2236-7884,21 99631-0057,whehl80@slashdot.org,Wesley Hehl
389,21 2208-9299,21 99748-7314,asinclar81@newsvine.com,Amalle Sinclar
390,21 2256-0318,21 99008-7961,pgodbold82@indiegogo.com,Peria Godbold
391,21 2203-5323,21 99744-5081,talasdair83@youku.com,Teodoor Alasdair
392,21 2258-8476,21 99970-9735,nscintsbury84@mozilla.com,Nada Scintsbury
393,21 2298-7809,21 99559-5237,cruffy85@walmart.com,Codee Ruffy
394,21 2222-5089,21 99031-7459,dpickworth86@theguardian.com,Dew Pickworth
395,21 2235-0550,21 99504-9344,cavent87@slate.com,Cayla Avent
396,21 2211-7789,21 99888-4988,srubinek88@tripod.com,Shayla Rubinek
397,21 2203-6303,21 99180-2427,wrawsen89@imdb.com,Wolf Rawsen
398,21 2228-1565,21 99983-6148,rmarkie8a@wikimedia.org,Romain Markie
399,21 2203-7340,21 99288-5736,vsearston8b@nps.gov,Vevay Searston
400,21 2243-0256,21 99358-6050,rjahnig8c@exblog.jp,Rodolphe Jahnig
401,21 2299-3151,21 99671-7323,lconlaund8d@weibo.com,Leda Conlaund
402,21 2202-9361,21 99775-4698,csudell8e@barnesandnoble.com,Cate Sudell
403,21 2231-3869,21 99461-3192,alambert8f@ning.com,Ariella Lambert
404,21 2233-7205,21 99714-4469,cshillam8g@google.com,Cassie Shillam
405,21 2271-7428,21 99606-8674,qblaza8h@ted.com,Quinlan Blaza
406,21 2254-4574,21 99608-5656,crochewell8i@so-net.ne.jp,Corbie Rochewell
407,21 2245-1899,21 99610-1651,jthraves8j@chicagotribune.com,Judye Thraves
408,21 2248-9508,21 99517-0092,mwithinshaw8k@t.co,Marchall Withinshaw
409,21 2293-6531,21 99677-6395,farmistead8l@vinaora.com,Freddie Armistead
410,21 2291-9662,21 99602-0917,hlondors8m@opera.com,Hazlett Londors
411,21 2280-8632,21 99257-6654,psewards8n@github.io,Pat Sewards
412,21 2239-5875,21 99352-5945,tirwin8o@amazon.co.jp,Tad Irwin
413,21 2229-5858,21 99887-5109,bjarritt8p@sourceforge.net,Brucie Jarritt
414,21 2291-9872,21 99256-1525,bmulchrone8q@cargocollective.com,Benny Mulchrone
415,21 2252-2405,21 99090-0187,hleaton8r@wikispaces.com,Humfrid Leaton
416,21 2249-9409,21 99128-9800,eelderkin8s@newyorker.com,Evey Elderkin
417,21 2266-2918,21 99151-2555,rlampard8t@nifty.com,Rudolfo Lampard
418,21 2278-0772,21 99870-4975,roldis8u@tumblr.com,Rosabella Oldis
419,21 2226-9325,21 99675-3330,fbryceson8v@squidoo.com,Fairleigh Bryceson
420,21 2218-2290,21 99299-9042,disles8w@sakura.ne.jp,Dar Isles
421,21 2266-5940,21 99016-2800,sbrockman8x@rambler.ru,Stephanus Brockman
422,21 2284-3456,21 99984-3701,mkruger8y@tmall.com,Maddy Kruger
423,21 2299-5424,21 99810-1504,onicholls8z@hubpages.com,Ophelia Nicholls
424,21 2282-7260,21 99319-2947,oison90@jalbum.net,Osborne Ison
425,21 2270-8276,21 99735-6484,fhickin91@thetimes.co.uk,Fannie Hickin
426,21 2221-7437,21 99023-9101,mdoughtery92@infoseek.co.jp,Mair Doughtery
427,21 2217-5119,21 99645-6506,spollak93@alibaba.com,Sharleen Pollak
428,21 2278-9955,21 99951-8790,hsauven94@uol.com.br,Hube Sauven
429,21 2207-9801,21 99864-9130,icockerton95@phoca.cz,Ingra Cockerton
430,21 2201-5292,21 99022-1175,kbowstead96@squidoo.com,Kenyon Bowstead
431,21 2204-5261,21 99335-0329,egodsil97@noaa.gov,Elenore Godsil
432,21 2288-1554,21 99762-7779,ehallgarth98@berkeley.edu,Esme Hallgarth
433,21 2281-5561,21 99689-6133,cbrusby99@pbs.org,Chico Brusby
434,21 2266-9208,21 99224-7116,gpomphrey9a@yolasite.com,Gert Pomphrey
435,21 2255-8569,21 99568-1635,vgogerty9b@bloglines.com,Val Gogerty
436,21 2218-7188,21 99912-9665,dmcbean9c@cbslocal.com,Demetris McBean
437,21 2229-2543,21 99517-1704,cluetchford9d@imdb.com,Celka Luetchford
438,21 2212-8394,21 99530-9391,rtait9e@house.gov,Robena Tait
439,21 2213-7015,21 99211-8785,sandras9f@jalbum.net,Skelly Andras
440,21 2215-7003,21 99973-3880,jsaywell9g@fda.gov,Jamill Saywell
441,21 2253-5285,21 99957-3855,everman9h@hc360.com,Eydie Verman
442,21 2222-9950,21 99656-8326,pfoffano9i@barnesandnoble.com,Pen Foffano
443,21 2240-6184,21 99600-9807,vlangsbury9j@yale.edu,Vilhelmina Langsbury
444,21 2220-9906,21 99689-5480,lreddihough9k@1und1.de,Lyndsey Reddihough
445,21 2277-9163,21 99612-5109,kubsdell9l@e-recht24.de,Kaycee Ubsdell
446,21 2267-7392,21 99685-8057,dcooch9m@tuttocitta.it,Danny Cooch
447,21 2251-2373,21 99909-9904,kbetty9n@seattletimes.com,Killian Betty
448,21 2226-7014,21 99278-6195,jarnaudon9o@com.com,Jocelyn Arnaudon
449,21 2259-1164,21 99447-7096,hsouthby9p@ed.gov,Hanny Southby
450,21 2295-2137,21 99611-0861,ccaverhill9q@hibu.com,Carlyle Caverhill
451,21 2216-7972,21 99925-4358,smedina9r@earthlink.net,Siward Medina
452,21 2238-3861,21 99158-6511,rjanks9s@livejournal.com,Ricoriki Janks
453,21 2291-1135,21 99481-1849,dhusbands9t@imageshack.us,Donn Husbands
454,21 2286-5300,21 99803-1281,gdenial9u@walmart.com,Grata Denial
455,21 2219-5175,21 99644-4042,hyeulet9v@umn.edu,Hagan Yeulet
456,21 2208-9735,21 99065-5325,prisen9w@nydailynews.com,Paulie Risen
457,21 2258-0102,21 99769-2705,lriply9x@pagesperso-orange.fr,Laraine Riply
458,21 2260-1307,21 99278-0738,astooders9y@ibm.com,Annissa Stooders
459,21 2262-6642,21 99822-7446,anavarro9z@wikispaces.com,Ambrose Navarro
460,21 2239-9554,21 99994-3780,rcharkea0@webmd.com,Roderick Charke
461,21 2200-0213,21 99810-9773,bhenrionota1@aol.com,Beverley Henrionot
462,21 2207-3764,21 99018-6907,rfarghera2@businesswire.com,Rycca Fargher
463,21 2223-5228,21 99095-0564,hsibyllaa3@dagondesign.com,Holden Sibylla
464,21 2206-8548,21 99865-6523,cticknera4@a8.net,Cobby Tickner
465,21 2277-0266,21 99370-1472,yshouta5@unblog.fr,Yulma Shout
466,21 2225-4738,21 99519-2617,pneenana6@china.com.cn,Pedro Neenan
467,21 2294-5067,21 99928-4929,esimoesa7@engadget.com,Elberta Simoes
468,21 2279-1729,21 99636-7265,cstokella8@economist.com,Che Stokell
469,21 2230-7628,21 99354-4441,cmcgougana9@arizona.edu,Cal McGougan
470,21 2266-5469,21 99499-4608,blaceraa@washington.edu,Brig Lacer
471,21 2268-1508,21 99491-0390,tlandrieuab@redcross.org,Terri Landrieu
472,21 2232-5405,21 99351-3682,ohaselhurstac@devhub.com,Oren Haselhurst
473,21 2272-0071,21 99765-0491,mhansmannad@dot.gov,Marika Hansmann
474,21 2247-3775,21 99290-8462,gcotsfordae@dyndns.org,Garwin Cotsford
475,21 2278-9094,21 99310-0977,wstoutheraf@businessweek.com,Winifred Stouther
476,21 2230-4911,21 99377-3782,ocreffeildag@gmpg.org,Octavia Creffeild
477,21 2266-7721,21 99472-1067,gcalltoneah@behance.net,Gaylene Calltone
478,21 2275-4998,21 99869-2818,kwatmoughai@themeforest.net,Karil Watmough
479,21 2292-7819,21 99864-3283,hjoninaj@yelp.com,Harrie Jonin
480,21 2273-8591,21 99256-3616,bnareyak@google.fr,Betta Narey
481,21 2225-0106,21 99999-5537,epeepallal@guardian.co.uk,Elmira Peepall
482,21 2208-3052,21 99770-2051,kmcwhinnieam@mozilla.com,Kalindi Mcwhinnie
483,21 2209-7770,21 99231-0539,ezebedeean@wiley.com,Erin Zebedee
484,21 2249-5708,21 99247-1456,mstrewthersao@admin.ch,Mellicent Strewthers
485,21 2260-5046,21 99770-6631,jbarnicottap@purevolume.com,Jerome Barnicott
486,21 2292-6583,21 99780-4227,ecrennanaq@miitbeian.gov.cn,Eadie Crennan
487,21 2214-8434,21 99667-7485,clarganar@auda.org.au,Crista Largan
488,21 2297-3750,21 99089-5004,cgodfroyas@ibm.com,Charmion Godfroy
489,21 2295-6851,21 99270-1552,rcordovaat@digg.com,Rachael Cordova
490,21 2224-8955,21 99349-0779,deverillau@macromedia.com,Deloria Everill
491,21 2278-2263,21 99079-8035,mpigdenav@plala.or.jp,Massimiliano Pigden
492,21 2287-6793,21 99572-8370,cwoodallaw@ning.com,Caritta Woodall
493,21 2289-6442,21 99163-8986,mllewelynax@ihg.com,Marlow Llewelyn
494,21 2254-3744,21 99849-6148,bhampshaway@wired.com,Bing Hampshaw
495,21 2234-6876,21 99619-3306,kklementaz@phoca.cz,Kenton Klement
496,21 2270-2483,21 99661-5448,acasbonb0@prweb.com,Augy Casbon
497,21 2211-6460,21 99083-5366,lgoodlattb1@rambler.ru,Lorenzo Goodlatt
498,21 2285-8818,21 99456-1146,kgoreb2@geocities.jp,Kaleena Gore
499,21 2256-0412,21 99503-6924,nbroganb3@elpais.com,Nanine Brogan
500,21 2224-3413,21 99770-6737,ncurlisb4@zdnet.com,Nichole Curlis
501,21 2200-2141,21 99692-7225,enorkettb5@spotify.com,Emerson Norkett
502,21 2288-9108,21 99146-8519,mbarnwallb6@ow.ly,Melita Barnwall
503,21 2267-5987,21 99489-2095,lpankhurstb7@hexun.com,Les Pankhurst.
504,21 2245-3521,21 99035-5895,cnozzoliniib8@umn.edu,Creight Nozzolinii
505,21 2282-4884,21 99843-2761,rpazb9@nhs.uk,Raphael Paz
506,21 2284-2099,21 99747-2115,pmutlowba@surveymonkey.com,Pat Mutlow
507,21 2265-5095,21 99714-1877,dhelmbb@buzzfeed.com,Darci Helm
508,21 2222-6929,21 99471-8101,rkinchleabc@cornell.edu,Rosamond Kinchlea
509,21 2212-9667,21 99295-8080,borielbd@examiner.com,Brynne Oriel
510,21 2270-6730,21 99069-0069,hkeyselbe@marriott.com,Heinrik Keysel
511,21 2287-0082,21 99581-8402,fschofflerbf@fema.gov,Ferdinand Schoffler
512,21 2239-3843,21 99925-9462,bwaldronbg@bluehost.com,Birk Waldron
513,21 2262-2031,21 99423-5169,nhamberstonbh@princeton.edu,Natalie Hamberston
514,21 2293-7646,21 99637-3428,fmionibi@free.fr,Frannie Mioni
515,21 2201-4233,21 99990-9796,nspracklingbj@baidu.com,Nita Sprackling
516,21 2271-4225,21 99740-6603,ufloreybk@storify.com,Udale Florey
517,21 2239-3101,21 99915-4297,dbarriebl@tiny.cc,Drucill Barrie
518,21 2210-7405,21 99177-6119,jdormanbm@state.gov,Jo-anne Dorman
519,21 2296-5856,21 99822-6207,mmccarterbn@flavors.me,Maddy McCarter
520,21 2288-9892,21 99121-6224,bhrycekbo@indiatimes.com,Bertie Hrycek
521,21 2281-7075,21 99263-8526,ybennedsenbp@vinaora.com,Yul Bennedsen
522,21 2248-4722,21 99615-7264,wmullochbq@etsy.com,Wright Mulloch
523,21 2225-2041,21 99380-2905,lcrainbr@imageshack.us,Lou Crain
524,21 2219-6738,21 99175-7292,bdowdeswellbs@themeforest.net,Brantley Dowdeswell
525,21 2235-0639,21 99730-4454,cstrettellbt@icq.com,Claiborne Strettell
526,21 2293-3649,21 99343-0349,iaskenbu@yahoo.com,Irwinn Asken
527,21 2216-1155,21 99875-8063,gbuckerfieldbv@nydailynews.com,Gay Buckerfield
528,21 2216-5320,21 99867-0946,chancockbw@123-reg.co.uk,Cobby Hancock
529,21 2215-7385,21 99268-7331,ghebnerbx@cloudflare.com,Gare Hebner
530,21 2222-6109,21 99377-0740,lkloskaby@google.de,Letitia Kloska
531,21 2217-6176,21 99083-8418,bwardsbz@sogou.com,Brandyn Wards
532,21 2290-3370,21 99142-7439,rferronc0@elpais.com,Reamonn Ferron
533,21 2224-4131,21 99352-0880,dshearnc1@marriott.com,Daryl Shearn
534,21 2256-0461,21 99438-1974,tpollardc2@hatena.ne.jp,Teodor Pollard
535,21 2210-4121,21 99749-1530,wwankac3@seesaa.net,Way Wanka
536,21 2257-7284,21 99150-5366,ndoullc4@tmall.com,Nata Doull
537,21 2236-9574,21 99698-2878,awieprechtc5@miibeian.gov.cn,Agustin Wieprecht
538,21 2249-6129,21 99264-4976,chambyc6@deviantart.com,Caro Hamby
539,21 2291-0602,21 99836-8979,dtrekerc7@lycos.com,D'arcy Treker
540,21 2297-1634,21 99954-4996,fcleenc8@macromedia.com,Forester Cleen
541,21 2248-5229,21 99957-4510,lsemoradc9@surveymonkey.com,Lindy Semorad
542,21 2201-2009,21 99133-1529,fnorthinca@google.com.br,Franciska Northin
543,21 2252-6424,21 99712-0184,jpancastcb@cbslocal.com,Jaymie Pancast
544,21 2276-7587,21 99039-5633,rmainstoncc@nifty.com,Redd Mainston
545,21 2254-2627,21 99009-3683,llindercd@google.com.au,Lori Linder
546,21 2286-7932,21 99758-5555,gcayzerce@telegraph.co.uk,Garrett Cayzer
547,21 2239-3962,21 99218-9608,cslemmondscf@marriott.com,Cornela Slemmonds
548,21 2255-2465,21 99723-8299,bmcilhargacg@pagesperso-orange.fr,Brandon McIlharga
549,21 2276-9717,21 99348-6798,sleitherch@youtube.com,Stephannie Leither
550,21 2238-9858,21 99221-4198,aleftlyci@phoca.cz,Allina Leftly
551,21 2283-0510,21 99308-6289,ncornaucj@tinyurl.com,Nial Cornau
552,21 2218-5034,21 99032-8783,crubinowiczck@admin.ch,Cindi Rubinowicz
553,21 2257-0941,21 99829-4237,mmcquartercl@a8.net,Meredith McQuarter
554,21 2255-5733,21 99340-0880,siliffcm@flavors.me,Shena Iliff
555,21 2236-4149,21 99218-8538,ksidworthcn@army.mil,Kelli Sidworth
556,21 2218-5512,21 99513-3500,chundayco@sphinn.com,Cornie Hunday
557,21 2246-0363,21 99229-0615,kdudnycp@webeden.co.uk,Kevyn Dudny
558,21 2206-4267,21 99111-7139,smollittcq@hhs.gov,Sadie Mollitt
559,21 2280-2814,21 99139-1905,esealscr@geocities.jp,Emanuel Seals
560,21 2215-6349,21 99173-7184,kwhalcs@apple.com,Kelila Whal
561,21 2256-9819,21 99888-5111,bslaynyct@squidoo.com,Betta Slayny
562,21 2230-1848,21 99070-1035,orawlisoncu@zimbio.com,Odetta Rawlison
563,21 2227-9660,21 99597-9384,cdespensercv@ftc.gov,Charyl Despenser
564,21 2275-9095,21 99460-9029,minchleycw@vimeo.com,Mel Inchley
565,21 2267-1606,21 99473-2537,emclennancx@cisco.com,Elmore McLennan
566,21 2292-3243,21 99432-7856,bmaddockcy@printfriendly.com,Brigitte Maddock
567,21 2294-6987,21 99585-0559,edavidwitzcz@zdnet.com,Edithe Davidwitz
568,21 2254-2297,21 99540-4400,jsnadend0@vk.com,Jaquith Snaden
569,21 2243-8395,21 99064-7987,kthomersond1@wufoo.com,Kaile Thomerson
570,21 2245-8488,21 99427-3782,pcallisd2@mysql.com,Patience Callis
571,21 2227-4529,21 99140-0683,vsorod3@yellowpages.com,Virgie Soro
572,21 2200-9275,21 99756-3073,sgulleyd4@biglobe.ne.jp,Sofie Gulley
573,21 2270-9770,21 99182-1159,mgabbatd5@acquirethisname.com,Marjy Gabbat
574,21 2259-2599,21 99676-8217,abussd6@1688.com,Alvan Buss
575,21 2280-6954,21 99689-5063,kparryd7@statcounter.com,Kittie Parry
576,21 2272-9895,21 99412-3799,lbrysond8@uiuc.edu,Libbi Bryson
577,21 2273-4261,21 99361-9438,dtolld9@shinystat.com,Daniel Toll
578,21 2206-7430,21 99905-1543,kmatteinida@infoseek.co.jp,Kizzie Matteini
579,21 2241-5666,21 99307-1287,mcaindb@fastcompany.com,Minnaminnie Cain
580,21 2236-1073,21 99529-6281,mheepsdc@dmoz.org,Marquita Heeps
581,21 2266-9545,21 99384-4088,mdonidd@sakura.ne.jp,Melvin Doni
582,21 2251-3017,21 99448-9544,kbedinde@forbes.com,Kristien Bedin
583,21 2266-3567,21 99805-8604,jmacallamdf@google.de,Jamison Macallam
584,21 2246-7831,21 99703-8697,egerokdg@wufoo.com,Emelina Gerok
585,21 2297-8669,21 99070-6715,ogillattdh@digg.com,Oates Gillatt
586,21 2286-3107,21 99498-7577,rrisboroughdi@statcounter.com,Rupert Risborough
587,21 2288-4166,21 99039-6769,eharlettdj@usda.gov,Ezri Harlett
588,21 2272-2215,21 99684-5156,aclausenthuedk@ycombinator.com,Aimil Clausen-Thue
589,21 2202-6685,21 99771-7205,elearoyddl@amazon.co.uk,Evvy Learoyd
590,21 2280-2407,21 99133-5462,dcathralldm@ezinearticles.com,Durand Cathrall
591,21 2228-9190,21 99735-4344,hbattrumdn@globo.com,Hedwig Battrum
592,21 2209-4829,21 99546-1279,iainsliedo@eventbrite.com,Inglebert Ainslie
593,21 2251-3888,21 99487-7459,tkenrickdp@digg.com,Tally Kenrick
594,21 2285-3632,21 99889-7575,vblofelddq@sakura.ne.jp,Veronica Blofeld
595,21 2278-2319,21 99800-7880,thurledr@techcrunch.com,Tyrus Hurle
596,21 2280-8254,21 99650-8578,ehumbellds@twitpic.com,Eryn Humbell
597,21 2217-7777,21 99764-3401,kannicedt@forbes.com,Katlin Annice
598,21 2273-1234,21 99439-6573,hbenziesdu@examiner.com,Herby Benzies
599,21 2242-7465,21 99714-2868,kbartoszewiczdv@imageshack.us,Kelsi Bartoszewicz
600,21 2266-8843,21 99182-6078,nscampiondw@posterous.com,Nye Scampion
601,21 2205-3621,21 99849-6371,efraynedx@icq.com,Emlen Frayne
602,21 2222-0389,21 99275-0809,ainesondy@utexas.edu,Ardelle Ineson
603,21 2245-4574,21 99606-1726,sgrisbrookdz@livejournal.com,Selina Grisbrook
604,21 2211-4127,21 99175-8194,fsalatinoe0@yolasite.com,Ferdinande Salatino
605,21 2286-1784,21 99145-2838,sciceronee1@hubpages.com,Sholom Cicerone
606,21 2287-4744,21 99515-4266,vpankethmane2@moonfruit.com,Virgina Pankethman
607,21 2285-0438,21 99200-5423,amealiffee3@is.gd,Antoine Mealiffe
608,21 2262-6953,21 99720-9427,astodarte4@wired.com,Abbey Stodart
609,21 2231-7397,21 99804-0449,strustriee5@mapquest.com,Sacha Trustrie
610,21 2223-3876,21 99886-1451,dilyasove6@newsvine.com,Dita Ilyasov
611,21 2233-0616,21 99190-3037,jhamblette7@sfgate.com,Jobye Hamblett
612,21 2268-3823,21 99777-0956,ujelfe8@fc2.com,Ula Jelf
613,21 2213-2932,21 99070-7989,lmapledorume9@cloudflare.com,Lyndy Mapledorum
614,21 2287-3597,21 99252-4280,edemezaea@ow.ly,Ealasaid Demeza
615,21 2298-2639,21 99477-8743,rcarnegyeb@nytimes.com,Rossy Carnegy
616,21 2295-6732,21 99387-8563,pwhitrodec@wikia.com,Phillis Whitrod
617,21 2251-8802,21 99540-8168,bspavinsed@barnesandnoble.com,Beauregard Spavins
618,21 2212-8899,21 99854-7661,classellsee@cisco.com,Camala Lassells
619,21 2242-7002,21 99330-2454,cidaef@furl.net,Clio Ida
620,21 2231-7296,21 99954-8125,ndunsfordeg@upenn.edu,Nataline Dunsford
621,21 2235-2799,21 99616-5405,ayarreh@dropbox.com,Andy Yarr
622,21 2206-8833,21 99492-4634,wmerwoodei@mapquest.com,Wald Merwood
623,21 2255-4477,21 99748-0413,bcanizaresej@businessweek.com,Bonni Canizares
624,21 2290-6113,21 99773-5842,llaingeek@seattletimes.com,Lazarus Lainge
625,21 2251-7016,21 99447-3119,akeyhoeel@npr.org,Anders Keyhoe
626,21 2275-3567,21 99853-0181,mnanceem@purevolume.com,Maribeth Nance
627,21 2259-0756,21 99273-6571,pmcgonnellen@tripadvisor.com,Petey McGonnell
628,21 2271-7674,21 99991-0638,smactrustyeo@omniture.com,Stesha MacTrusty
629,21 2254-9530,21 99204-1424,cmariansep@wikia.com,Corabella Marians
630,21 2293-0707,21 99697-4203,hsteffenseq@i2i.jp,Hillary Steffens
631,21 2235-0702,21 99154-4054,mcutteridgeer@squidoo.com,Maximilien Cutteridge
632,21 2234-7470,21 99265-5174,mgaires@constantcontact.com,Melody Gair
633,21 2228-9711,21 99870-2745,ajeromeet@mashable.com,Aurie Jerome
634,21 2200-7461,21 99464-4042,eespadatereu@cnn.com,Edward Espadater
635,21 2262-0762,21 99207-7169,kdeev@ow.ly,Krystal De Giovanni
636,21 2244-2260,21 99090-1729,xrowsonew@alibaba.com,Xenia Rowson
637,21 2220-9523,21 99162-6475,jwiddowfieldex@hhs.gov,Jaime Widdowfield
638,21 2207-6130,21 99879-0486,fosorioey@ucoz.com,Florri Osorio
639,21 2257-6093,21 99019-1155,nbrusinez@narod.ru,Nealon Brusin
640,21 2268-3256,21 99197-2742,alanchesterf0@hud.gov,Auberon Lanchester
641,21 2233-7440,21 99883-2915,honealf1@mac.com,Hieronymus O'Neal
642,21 2224-5853,21 99378-4986,ksheehanf2@1und1.de,Kirsti Sheehan
643,21 2213-4647,21 99942-0450,emillingtonf3@phpbb.com,Eirena Millington
644,21 2236-1150,21 99036-5007,vdatef4@google.fr,Valery Date
645,21 2259-2290,21 99920-5194,ucordelf5@yale.edu,Umeko Cordel
646,21 2284-1647,21 99994-6491,sgobolosf6@nhs.uk,Seka Gobolos
647,21 2219-6803,21 99195-4896,nmowsdillf7@de.vu,Noelani Mowsdill
648,21 2220-0651,21 99502-7590,jgossagef8@ask.com,Jessalyn Gossage
649,21 2243-5092,21 99806-3822,tlenneyf9@businesswire.com,Torrance Lenney
650,21 2234-5761,21 99592-2862,mbernardinellifa@census.gov,Marysa Bernardinelli
651,21 2261-9192,21 99946-5172,jivanyushkinfb@istockphoto.com,Jorgan Ivanyushkin
652,21 2233-4968,21 99424-2867,onotefc@hhs.gov,Ozzie Note
653,21 2292-2919,21 99845-9959,nhanlonfd@squidoo.com,Nikolas Hanlon
654,21 2224-1579,21 99165-9184,sormesfe@wordpress.com,Stoddard Ormes
655,21 2248-9097,21 99444-3225,jelwardff@msn.com,Jared Elward
656,21 2263-6357,21 99898-5579,hstorrorfg@i2i.jp,Hillie Storror
657,21 2204-6901,21 99382-5130,pminshawfh@bloglines.com,Pietra Minshaw
658,21 2218-1463,21 99733-7437,mlancettfi@google.ca,Mayor Lancett
659,21 2244-6482,21 99525-8668,rwessellfj@engadget.com,Ronnie Wessell
660,21 2278-5247,21 99018-6548,vbrooksonfk@china.com.cn,Vitoria Brookson
661,21 2267-5343,21 99140-2489,clinckefl@berkeley.edu,Chev Lincke
662,21 2282-4667,21 99356-1954,mholahfm@studiopress.com,Max Holah
663,21 2288-2325,21 99258-8592,gfilpifn@wikimedia.org,Gaylor Filpi
664,21 2213-5199,21 99667-1254,dcowellfo@amazon.co.jp,Derron Cowell
665,21 2211-7961,21 99396-7265,cbradburnfp@unc.edu,Chloette Bradburn
666,21 2227-7814,21 99854-9331,lgeelyfq@networksolutions.com,Lacey Geely
667,21 2299-3133,21 99757-9441,enelthropfr@theglobeandmail.com,Evania Nelthrop
668,21 2229-2569,21 99787-7215,slyvenfs@latimes.com,Selestina Lyven
669,21 2286-0045,21 99612-0710,eadamft@wordpress.com,Ellette Adam
670,21 2243-1230,21 99303-1974,htipplefu@amazonaws.com,Hayden Tipple
671,21 2258-2031,21 99068-7493,agiacobbofv@tinyurl.com,Ashley Giacobbo
672,21 2226-6184,21 99651-1265,azoanettifw@thetimes.co.uk,Ardelis Zoanetti
673,21 2272-9524,21 99993-0000,cthomasenfx@jiathis.com,Christie Thomasen
674,21 2232-7510,21 99956-9689,vgiraldofy@com.com,Vlad Giraldo
675,21 2270-1639,21 99086-8078,lduckfz@reference.com,Lance Duck
676,21 2260-8441,21 99516-6796,jlethieulierg0@purevolume.com,Janot Lethieulier
677,21 2205-0345,21 99351-9943,gfillong1@digg.com,Guthry Fillon
678,21 2265-4895,21 99088-4814,ggarradg2@live.com,Genni Garrad
679,21 2264-3043,21 99725-5751,tdoweg3@wisc.edu,Tera Dowe
680,21 2282-7653,21 99008-7845,pmattusovg4@washingtonpost.com,Phelia Mattusov
681,21 2257-3302,21 99310-8556,alettsomg5@exblog.jp,Almira Lettsom
682,21 2226-6420,21 99970-1595,seliassong6@diigo.com,Salli Eliasson
683,21 2252-7941,21 99575-5460,broxbroughg7@eventbrite.com,Bethany Roxbrough
684,21 2248-4225,21 99047-2799,atunnahg8@wikispaces.com,Angelico Tunnah
685,21 2257-3688,21 99576-3276,rbeniang9@youku.com,Reece Benian
686,21 2228-4405,21 99163-3349,frosendorfga@japanpost.jp,Fanya Rosendorf
687,21 2299-3441,21 99032-9211,rjellemangb@xinhuanet.com,Reinald Jelleman
688,21 2265-8429,21 99249-2098,mcalytongc@usnews.com,Mord Calyton
689,21 2270-5423,21 99923-3650,emacintoshgd@yelp.com,Erinna MacIntosh
690,21 2282-5535,21 99797-4671,gnellisge@yale.edu,Giovanna Nellis
691,21 2281-0407,21 99801-4702,scharlegf@google.nl,Shaylynn Charle
692,21 2208-0913,21 99097-3749,hgrahamslawgg@elegantthemes.com,Hughie Grahamslaw
693,21 2210-8925,21 99983-5617,eboulstridgegh@oakley.com,Ellery Boulstridge
694,21 2262-0027,21 99699-6886,tsilversmidtgi@topsy.com,Tammy Silversmidt
695,21 2264-9593,21 99521-5052,lcromargj@live.com,Lauree Cromar
696,21 2257-3770,21 99746-6247,ateodorogk@sakura.ne.jp,Annelise Teodoro
697,21 2284-7314,21 99656-6844,rprielgl@dailymail.co.uk,Robina Priel
698,21 2210-3923,21 99509-0093,mmullanygm@ca.gov,Meredith Mullany
699,21 2224-6034,21 99430-2357,briddelgn@odnoklassniki.ru,Baron Riddel
700,21 2235-8759,21 99620-1637,cvallowgo@youtube.com,Clio Vallow
701,21 2262-1649,21 99015-3619,oridgergp@qq.com,Opalina Ridger
702,21 2264-0241,21 99152-4644,sfirpogq@japanpost.jp,Shaine Firpo
703,21 2220-6523,21 99259-0527,jfilewoodgr@huffingtonpost.com,Joyce Filewood
704,21 2244-7931,21 99317-8581,ryersongs@biglobe.ne.jp,Rafaela Yerson
705,21 2200-4233,21 99244-7170,ndeerrgt@globo.com,Natalina Deerr
706,21 2235-5469,21 99879-4381,rarnullgu@reverbnation.com,Roland Arnull
707,21 2213-9303,21 99885-3322,ymulvaghgv@nytimes.com,Ynez Mulvagh
708,21 2244-3975,21 99935-3023,lcruickshankgw@addtoany.com,Lydie Cruickshank
709,21 2284-8486,21 99265-0518,lbearcroftgx@state.tx.us,Lynette Bearcroft
710,21 2208-6077,21 99072-2127,sstockhillgy@amazon.com,Sanders Stockhill
711,21 2209-5316,21 99638-1665,lcocksongz@xing.com,Latrena Cockson
712,21 2205-0645,21 99352-1466,krickasseh0@telegraph.co.uk,Karlie Rickasse
713,21 2241-4887,21 99143-2163,jmaidesh1@a8.net,Julia Maides
714,21 2210-8579,21 99974-8305,mdictush2@dion.ne.jp,Mahala Dictus
715,21 2233-7217,21 99294-5067,misaakh3@webmd.com,Madelin Isaak
716,21 2230-4444,21 99849-4209,cwhittamh4@opera.com,Chrissie Whittam
717,21 2248-9119,21 99902-1190,mcornellh5@free.fr,Marcellus Cornell
718,21 2215-4424,21 99656-7163,aguthrumh6@imdb.com,Ameline Guthrum
719,21 2243-0623,21 99206-7734,qpilburyh7@ted.com,Quinn Pilbury
720,21 2236-8860,21 99555-9072,cbethoh8@columbia.edu,Corella Betho
721,21 2253-1257,21 99983-2376,lashmanh9@ucoz.com,Lyndel Ashman
722,21 2223-9258,21 99430-0430,gdanisha@photobucket.com,Giordano Danis
723,21 2266-4575,21 99934-3671,dthistletonhb@tmall.com,Dreddy Thistleton
724,21 2274-6440,21 99230-9108,zgaskallhc@ifeng.com,Zorina Gaskall
725,21 2237-8542,21 99383-1215,pgetshamhd@delicious.com,Paolo Getsham
726,21 2273-1022,21 99215-9342,sgavehe@goo.ne.jp,Sig Gave
727,21 2247-7402,21 99474-0304,miskowhf@ovh.net,Misty Iskow
728,21 2249-8924,21 99230-4855,gmciloryhg@drupal.org,Gipsy McIlory
729,21 2270-9945,21 99305-4900,iossennahh@indiatimes.com,Ingar Ossenna
730,21 2269-6158,21 99634-1556,lcluetthi@nbcnews.com,Leonie Cluett
731,21 2204-3276,21 99097-5649,abarszczewskihj@amazon.com,Addison Barszczewski
732,21 2279-9211,21 99454-4346,kwestpfelhk@who.int,Kathrine Westpfel
733,21 2224-3239,21 99312-7596,ahartzenberghl@hud.gov,Ashley Hartzenberg
734,21 2269-0931,21 99563-0217,gbontofthm@google.com,Gloria Bontoft
735,21 2277-3223,21 99260-3573,fhalfheadhn@prlog.org,Fabio Halfhead
736,21 2211-1405,21 99768-2883,ishoveltonho@desdev.cn,Ingeberg Shovelton
737,21 2247-8543,21 99181-0328,mseearhp@amazon.de,Mahala Seear
738,21 2284-7572,21 99529-8701,bgridleyhq@eventbrite.com,Bernie Gridley
739,21 2277-4496,21 99774-4607,dtaleshr@youtube.com,Debor Tales
740,21 2203-5270,21 99614-9970,ahalfacrehs@vk.com,Angela Halfacre
741,21 2268-0082,21 99359-3256,eeilhertsenht@noaa.gov,Egor Eilhertsen
742,21 2223-6197,21 99221-9075,mfortyhu@imageshack.us,Mariya Forty
743,21 2231-8584,21 99068-1400,hchesnayhv@unicef.org,Hardy Chesnay
744,21 2276-6435,21 99830-1771,hohw@topsy.com,Holmes O' Quirk
745,21 2267-0093,21 99655-4679,kcockaynehx@ustream.tv,Kelvin Cockayne
746,21 2263-2315,21 99613-1271,ryoudehy@unesco.org,Roxanna Youde
747,21 2257-0690,21 99361-8105,jcolleyhz@oakley.com,Jolene Colley
748,21 2285-8574,21 99349-4380,cbrideauxi0@twitpic.com,Camel Brideaux
749,21 2221-8586,21 99274-8726,amatheloni1@boston.com,Augie Mathelon
750,21 2286-3425,21 99526-0400,thurleyi2@nih.gov,Thedrick Hurley
751,21 2255-4575,21 99554-6843,wantyukhini3@businessinsider.com,Wat Antyukhin
752,21 2271-9369,21 99183-6974,lcaldeiroi4@blogtalkradio.com,Lyn Caldeiro
753,21 2208-3405,21 99507-4778,abarbyi5@lycos.com,Auroora Barby
754,21 2228-3529,21 99997-9331,igooderei6@diigo.com,Isabelle Goodere
755,21 2291-1162,21 99921-3826,mramshawi7@hc360.com,Mauricio Ramshaw
756,21 2294-6562,21 99008-2827,jpeterai8@ibm.com,Jacob Petera
757,21 2289-7489,21 99819-2058,kcrockeri9@fc2.com,Kristin Crocker
758,21 2258-2817,21 99862-7033,rphelpsia@pcworld.com,Rowan Phelps
759,21 2273-8767,21 99717-8266,hwetheredib@phoca.cz,Howey Wethered
760,21 2203-9569,21 99699-0915,goxbieic@redcross.org,Giulio Oxbie
761,21 2235-3879,21 99349-8411,adeid@odnoklassniki.ru,Alwyn De Brett
762,21 2287-7801,21 99589-7706,awyrallie@newyorker.com,Ash Wyrall
763,21 2296-3220,21 99770-5866,dtruettif@canalblog.com,Drugi Truett
764,21 2216-0453,21 99683-1866,ocapewellig@wix.com,Olva Capewell
765,21 2276-2287,21 99183-5781,ctaffarelloih@unicef.org,Chad Taffarello
766,21 2288-5133,21 99679-2647,placknerii@sohu.com,Pris Lackner
767,21 2262-9286,21 99629-8794,afishlockij@guardian.co.uk,Allyn Fishlock
768,21 2286-6299,21 99491-2413,afinnemoreik@goo.ne.jp,Augie Finnemore
769,21 2200-2559,21 99993-2128,htraiceil@walmart.com,Hilde Traice
770,21 2213-4488,21 99101-1597,cpimerickim@people.com.cn,Clyve Pimerick
771,21 2260-8828,21 99764-9099,hwheelanin@boston.com,Hollis Wheelan
772,21 2235-8101,21 99096-8246,mberringtonio@tmall.com,Muffin Berrington
773,21 2276-2574,21 99017-3402,ldrysdellip@sina.com.cn,Lona Drysdell
774,21 2288-6101,21 99842-0209,mcanniffeiq@huffingtonpost.com,Minne Canniffe
775,21 2231-2648,21 99114-0600,pbladgeir@marriott.com,Paddie Bladge
776,21 2247-3015,21 99484-5261,hcratchleyis@usgs.gov,Hynda Cratchley
777,21 2226-1352,21 99649-2027,mleechit@oaic.gov.au,Marty Leech
778,21 2207-2539,21 99142-9113,lsteggalsiu@bbb.org,Lynea Steggals
779,21 2218-6601,21 99592-3380,rbuggsiv@google.fr,Ryann Buggs
780,21 2287-0383,21 99534-8194,askipworthiw@nhs.uk,Allan Skipworth
781,21 2279-9329,21 99892-6966,htweenix@ovh.net,Harlin Tween
782,21 2260-8010,21 99801-6639,mkomorowskiiy@jigsy.com,Marian Komorowski
783,21 2284-2472,21 99997-7633,bsimoesiz@wikimedia.org,Brooke Simoes
784,21 2218-9119,21 99652-4216,pbrixeyj0@naver.com,Phylys Brixey
785,21 2273-8741,21 99186-0155,neadesj1@photobucket.com,Nico Eades
786,21 2256-8791,21 99382-9531,dkubuj2@pen.io,Darline Kubu
787,21 2255-4213,21 99833-5014,nclapstonj3@bloglovin.com,Nikki Clapston
788,21 2213-7647,21 99108-7678,idonatj4@sina.com.cn,Ignacius Donat
789,21 2200-3463,21 99513-8211,mnellesj5@indiatimes.com,Marty Nelles
790,21 2297-5246,21 99741-0242,jdebrickj6@reddit.com,Jeane Debrick
791,21 2280-4111,21 99634-3517,krojj7@jugem.jp,Kalila Roj
792,21 2240-3446,21 99659-2558,wlej8@163.com,Witty Le Guin
793,21 2274-1588,21 99199-8388,cswinnardj9@nationalgeographic.com,Carin Swinnard
794,21 2267-0884,21 99335-3359,vgrafhomja@biblegateway.com,Veriee Grafhom
795,21 2279-8245,21 99425-6760,cbaxilljb@japanpost.jp,Clerissa Baxill
796,21 2214-7279,21 99550-0499,ativnanjc@auda.org.au,Alvinia Tivnan
797,21 2219-9878,21 99175-4279,jaustinjd@cloudflare.com,Julienne Austin
798,21 2202-5201,21 99123-6574,ajonesje@earthlink.net,Alfie Jones
799,21 2244-4007,21 99625-4044,mchattelainejf@businessinsider.com,Mariann Chattelaine
800,21 2231-7414,21 99806-7078,gbampkinjg@about.me,Gustavo Bampkin
801,21 2269-6954,21 99786-4756,gtanswilljh@google.it,Gloria Tanswill
802,21 2284-9860,21 99692-0233,kheightonji@yelp.com,Kellina Heighton
803,21 2276-4647,21 99568-2953,khutcheonjj@squidoo.com,Kristo Hutcheon
804,21 2278-8107,21 99015-1460,tvarnalsjk@gizmodo.com,Timmy Varnals
805,21 2204-3684,21 99135-3374,pogbournejl@mlb.com,Priscilla Ogbourne
806,21 2273-0740,21 99965-7754,jchecchetellijm@github.com,Jerome Checchetelli
807,21 2271-3392,21 99290-2630,ksifleetjn@senate.gov,Kendrick Sifleet
808,21 2209-7324,21 99051-0176,bgalerojo@squarespace.com,Blaire Galero
809,21 2210-6031,21 99971-0425,rdewirejp@loc.gov,Roseanna Dewire
810,21 2261-1929,21 99665-9672,heverexjq@bizjournals.com,Hedy Everex
811,21 2225-1949,21 99515-3705,chadentonjr@infoseek.co.jp,Corene Hadenton
812,21 2260-6117,21 99679-0473,atanbyjs@nyu.edu,Adelina Tanby
813,21 2294-4025,21 99419-4409,flaughreyjt@1und1.de,Freddie Laughrey
814,21 2216-3042,21 99695-7934,ptipensju@linkedin.com,Peterus Tipens
815,21 2225-5475,21 99668-5322,aakramjv@wikia.com,Alvira Akram
816,21 2281-6752,21 99715-5320,ebulcroftjw@sakura.ne.jp,Erastus Bulcroft
817,21 2214-4620,21 99494-9861,hatheisjx@apple.com,Hestia Atheis
818,21 2212-5741,21 99651-8813,amcgowingjy@liveinternet.ru,Alvie McGowing
819,21 2241-4018,21 99336-6963,hbowdonjz@yahoo.co.jp,Hillery Bowdon
820,21 2295-3789,21 99573-8838,djahndelk0@godaddy.com,Dexter Jahndel
821,21 2289-3157,21 99362-3334,atrumpeterk1@unicef.org,Arlana Trumpeter
822,21 2220-5953,21 99339-0042,bsargentk2@redcross.org,Barbi Sargent
823,21 2285-8303,21 99750-6154,pholehousek3@addtoany.com,Pia Holehouse
824,21 2245-4634,21 99295-1199,ndek4@usatoday.com,Nerty De Mico
825,21 2260-7834,21 99154-3814,dlourencok5@feedburner.com,Deloris Lourenco
826,21 2208-0456,21 99012-9240,mgoeringk6@last.fm,Marilyn Goering
827,21 2272-7002,21 99460-9094,gwilfingerk7@google.co.jp,Gabriello Wilfinger
828,21 2279-4028,21 99492-9572,fprickettk8@pinterest.com,Feliza Prickett
829,21 2275-4581,21 99014-2693,cgennerichk9@admin.ch,Carolan Gennerich
830,21 2225-2815,21 99449-6234,jpaiceka@altervista.org,Jenda Paice
831,21 2213-7786,21 99788-9812,wtrudgiankb@wired.com,Will Trudgian
832,21 2277-7979,21 99103-3256,zbenedettinikc@wikia.com,Zarla Benedettini
833,21 2279-7597,21 99927-4585,tglendzakd@scribd.com,Tommi Glendza
834,21 2253-9613,21 99863-0500,gargenteke@shutterfly.com,Germana Argente
835,21 2271-4016,21 99570-1300,ebaxendalekf@webmd.com,Elsie Baxendale
836,21 2214-4956,21 99473-2317,pogianykg@bloomberg.com,Pepi O'Giany
837,21 2250-1559,21 99075-3742,hcraxfordkh@hud.gov,Hadrian Craxford
838,21 2271-2985,21 99982-1418,jdoudnyki@usnews.com,Jeno Doudny
839,21 2270-0987,21 99991-6028,nnicklesskj@indiatimes.com,Nikolai Nickless
840,21 2280-1328,21 99899-5485,dtimmiskk@cnn.com,Del Timmis
841,21 2209-3381,21 99621-9626,hmclisekl@cargocollective.com,Helga McLise
842,21 2223-2120,21 99767-8952,ngarfieldkm@amazon.de,Nata Garfield
843,21 2286-3886,21 99788-8209,jrubicakn@marriott.com,Jerrome Rubica
844,21 2238-9301,21 99978-7072,wmodenko@sina.com.cn,Wandie Moden
845,21 2200-4503,21 99852-5966,mexpositokp@unicef.org,Melitta Exposito
846,21 2267-9598,21 99047-3936,lbramekq@mozilla.com,Lissi Brame
847,21 2275-6409,21 99801-0542,pokr@exblog.jp,Padget O' Scallan
848,21 2253-1911,21 99375-5667,efairbeardks@dmoz.org,Emilio Fairbeard
849,21 2283-9254,21 99142-6834,cwardenkt@cnn.com,Camellia Warden
850,21 2298-1271,21 99454-6630,bfortesquieuku@apple.com,Babette Fortesquieu
851,21 2289-0396,21 99343-9194,mvarneykv@wisc.edu,Mal Varney
852,21 2208-8403,21 99386-4780,aquineykw@umn.edu,Ainsley Quiney
853,21 2242-1175,21 99587-7970,pmedfordkx@hexun.com,Pearle Medford
854,21 2290-0390,21 99306-5806,sforsdykeky@wp.com,Shandy Forsdyke
855,21 2207-2707,21 99300-3609,eboschmannkz@imdb.com,Enoch Boschmann
856,21 2220-9902,21 99291-1360,ladhamsl0@dailymail.co.uk,Lyndell Adhams
857,21 2272-5692,21 99295-6675,gnarisl1@constantcontact.com,Genna Naris
858,21 2216-5250,21 99289-6217,cfanshawl2@youtube.com,Carlye Fanshaw
859,21 2222-5858,21 99800-8118,tmowdayl3@csmonitor.com,Toinette Mowday
860,21 2203-8231,21 99576-1010,fpitthaml4@tamu.edu,Farrand Pittham
861,21 2225-4306,21 99091-9609,cromneyl5@w3.org,Cristal Romney
862,21 2267-5989,21 99700-8580,mfeeleyl6@infoseek.co.jp,Myrilla Feeley
863,21 2232-3068,21 99974-0888,apateyl7@virginia.edu,Ailene Patey
864,21 2265-9229,21 99427-1860,ajacquesl8@ycombinator.com,Andromache Jacques
865,21 2244-1151,21 99255-9459,cgoundrilll9@washington.edu,Cordell Goundrill
866,21 2211-2430,21 99834-8554,alidingtonla@time.com,Aurelea Lidington
867,21 2299-2261,21 99405-5368,pgiamettilb@exblog.jp,Pen Giametti
868,21 2202-6586,21 99019-2175,sdegoelc@artisteer.com,Shandee Degoe
869,21 2216-8055,21 99967-5314,bgriffeyld@un.org,Brena Griffey
870,21 2241-6967,21 99825-1113,mendleyle@xrea.com,Mariam Endley
871,21 2297-9327,21 99244-7248,tmakepeacelf@alexa.com,Trula Makepeace
872,21 2222-7637,21 99574-6305,tstubleylg@tinypic.com,Theresina Stubley
873,21 2276-2150,21 99120-2182,lgertraylh@vistaprint.com,Lorie Gertray
874,21 2222-7819,21 99045-2208,cmaccrackanli@goo.ne.jp,Cyndy MacCrackan
875,21 2249-7629,21 99907-1688,rabbittlj@trellian.com,Rosabella Abbitt
876,21 2253-2956,21 99298-5257,dgrestelk@fema.gov,Delilah Greste
877,21 2266-4644,21 99705-4454,slillywhitell@engadget.com,Sonya Lillywhite
878,21 2247-1299,21 99015-6276,gneilandlm@ifeng.com,Genna Neiland
879,21 2222-9024,21 99782-4993,emackrellln@usgs.gov,Eleen Mackrell
880,21 2288-4528,21 99562-5882,ysoutterlo@senate.gov,Yvette Soutter
881,21 2274-9097,21 99523-4413,hblasiaklp@eventbrite.com,Hollis Blasiak
882,21 2264-2950,21 99176-8268,glorrainelq@reverbnation.com,Godfree Lorraine
883,21 2207-2686,21 99218-6224,fasbreylr@creativecommons.org,Ferd Asbrey
884,21 2270-2336,21 99628-6857,odivisls@issuu.com,Orbadiah Divis
885,21 2239-4847,21 99860-3744,bsivelt@umn.edu,Brew Sive
886,21 2226-9365,21 99192-6814,dskivingtonlu@prnewswire.com,Donn Skivington
887,21 2212-4774,21 99671-2329,jraitielv@opera.com,Jacinda Raitie
888,21 2257-5769,21 99868-5336,rcaughtlw@cnn.com,Rozalin Caught
889,21 2202-2753,21 99215-6763,epontainlx@merriam-webster.com,Emilee Pontain
890,21 2251-0194,21 99646-5489,htatlowely@thetimes.co.uk,Hyacinth Tatlowe
891,21 2298-5472,21 99894-1170,bbennittlz@diigo.com,Briant Bennitt
892,21 2222-3105,21 99640-3352,inewsonm0@mac.com,Isidore Newson
893,21 2289-7355,21 99599-0261,rfeareym1@fema.gov,Rorie Fearey
894,21 2275-1679,21 99882-5948,kdavanam2@ted.com,Kyle Davana
895,21 2203-7550,21 99355-0898,eburberowm3@gmpg.org,Ernaline Burberow
896,21 2281-0478,21 99518-5642,sboutellierm4@vinaora.com,Sonnnie Boutellier
897,21 2225-5211,21 99776-4617,fpreblem5@de.vu,Franklyn Preble
898,21 2218-4308,21 99950-1480,vristm6@webeden.co.uk,Viviana Rist
899,21 2266-2591,21 99925-1313,bmcinteem7@dell.com,Barris McIntee
900,21 2286-2219,21 99287-0625,rcurwenm8@sakura.ne.jp,Rosana Curwen
901,21 2259-6333,21 99152-5785,rmacdonnellm9@zimbio.com,Rockey MacDonnell
902,21 2213-9479,21 99681-2966,itremainema@wp.com,Israel Tremaine
903,21 2215-3188,21 99352-2960,fhurtadomb@shinystat.com,Frederik Hurtado
904,21 2242-1000,21 99663-9212,ppasslermc@bloglines.com,Papagena Passler
905,21 2225-7171,21 99937-5912,lrodgermd@boston.com,Leshia Rodger
906,21 2288-1847,21 99899-8180,tfitzroyme@jiathis.com,Tyrone Fitzroy
907,21 2246-1937,21 99620-0995,hjantetmf@a8.net,Harriott Jantet
908,21 2210-9206,21 99921-5487,tashbeymg@psu.edu,Tasia Ashbey
909,21 2219-6599,21 99219-9436,pkrishtopaittismh@bloglines.com,Pen Krishtopaittis
910,21 2219-8772,21 99113-5088,lburtenshawmi@eepurl.com,Lon Burtenshaw
911,21 2299-9167,21 99255-2884,hswithenbymj@cbc.ca,Hesther Swithenby
912,21 2237-6210,21 99340-8375,gthickinsmk@canalblog.com,Giovanni Thickins
913,21 2233-4486,21 99794-0311,bmerritonml@wp.com,Bucky Merriton
914,21 2243-3265,21 99367-3405,moriganmm@jiathis.com,Merrick Origan
915,21 2218-4920,21 99843-7931,ecooksleymn@ehow.com,Edwin Cooksley
916,21 2231-3966,21 99869-9056,cpetersenmo@cyberchimps.com,Charmaine Petersen
917,21 2280-2626,21 99652-8368,cjerdonmp@blogger.com,Carl Jerdon
918,21 2224-3191,21 99458-7997,tkeablemq@wisc.edu,Tedd Keable
919,21 2241-6504,21 99225-6222,dguisemr@discovery.com,Dorene Guise
920,21 2210-0423,21 99723-7842,pspoerlms@msn.com,Pancho Spoerl
921,21 2259-8630,21 99320-8890,stremathackmt@twitpic.com,Shaina Tremathack
922,21 2271-3770,21 99887-3240,bgimertmu@japanpost.jp,Bernard Gimert
923,21 2276-5784,21 99275-1572,catmoremv@omniture.com,Corrie Atmore
924,21 2202-0224,21 99026-1115,ghulmesmw@uiuc.edu,Gigi Hulmes
925,21 2238-4591,21 99968-2678,ctruelovemx@nydailynews.com,Collete Truelove
926,21 2270-3337,21 99388-3674,mclaigemy@archive.org,Margy Claige
927,21 2208-6656,21 99011-1617,cpettefordmz@people.com.cn,Caterina Petteford
928,21 2229-1711,21 99845-6397,bsilbertn0@time.com,Biddy Silbert
929,21 2226-7734,21 99188-1736,klonghornen1@networkadvertising.org,Kissiah Longhorne
930,21 2239-0776,21 99325-5496,smcgeffenn2@ca.gov,Shaylyn McGeffen
931,21 2267-1718,21 99420-7491,mmunkleyn3@mit.edu,Marty Munkley
932,21 2271-4659,21 99427-4437,jgrimesn4@hibu.com,Jenny Grimes
933,21 2292-3015,21 99978-8999,ddomelown5@sogou.com,Donnamarie Domelow
934,21 2228-8784,21 99420-1407,oscousen6@nps.gov,Oneida Scouse
935,21 2264-0347,21 99210-3037,lmignotn7@livejournal.com,Lib Mignot
936,21 2207-1674,21 99038-1354,dyerrilln8@house.gov,Del Yerrill
937,21 2242-5023,21 99639-4172,fhoysn9@mozilla.org,Fredrick Hoys
938,21 2245-1376,21 99284-1394,glevinsna@pcworld.com,Graehme Levins
939,21 2219-2124,21 99525-0871,pvannahnb@google.fr,Paolo Vannah
940,21 2289-8727,21 99203-9654,bmandernc@youtu.be,Britte Mander
941,21 2225-5460,21 99597-5382,mlichfieldnd@ovh.net,Minor Lichfield
942,21 2247-8125,21 99392-9408,lwheelerne@biblegateway.com,Luis Wheeler
943,21 2201-6312,21 99641-9566,aeastabrooknf@chron.com,Antonino Eastabrook
944,21 2259-5801,21 99890-6992,rkindredng@miibeian.gov.cn,Riva Kindred
945,21 2227-2367,21 99297-5537,dnarramornh@hhs.gov,Des Narramor
946,21 2293-3305,21 99412-6059,mgoodeyni@about.me,Mirabel Goodey
947,21 2244-3384,21 99432-1112,cmacgiffinnj@phoca.cz,Costanza MacGiffin
948,21 2200-1158,21 99979-7823,ojarmainnk@techcrunch.com,Orion Jarmain
949,21 2224-8733,21 99635-3766,fdellabbatenl@sakura.ne.jp,Francisca Dell'Abbate
950,21 2253-6431,21 99618-1530,htunnynm@wikispaces.com,Heidi Tunny
951,21 2211-1858,21 99076-9246,lsmithemannn@4shared.com,Lillian Smitheman
952,21 2235-2657,21 99606-4311,ewetheredno@miitbeian.gov.cn,Enrika Wethered
953,21 2241-6493,21 99236-7943,ldrayseynp@jalbum.net,Lelah Draysey
954,21 2212-0084,21 99818-2616,droomsnq@dailymail.co.uk,Dinah Rooms
955,21 2253-2981,21 99761-8375,ncatonnenr@stumbleupon.com,Ned Catonne
956,21 2221-6547,21 99285-2793,cstanbrans@amazon.com,Camel Stanbra
957,21 2258-0461,21 99850-4448,reisikovitshnt@slashdot.org,Ruthi Eisikovitsh
958,21 2249-1855,21 99623-7161,dpiensnu@mapquest.com,Dani Piens
959,21 2241-0813,21 99310-4081,ctuveynv@abc.net.au,Collete Tuvey
960,21 2276-1105,21 99462-2226,bjenkersonnw@webmd.com,Bar Jenkerson
961,21 2255-3493,21 99745-0765,hsopernx@unblog.fr,Harley Soper
962,21 2250-9566,21 99745-5309,mphilippsonny@independent.co.uk,Marilee Philippson
963,21 2270-4533,21 99022-7680,mgardenernz@yolasite.com,Michale Gardener
964,21 2201-6523,21 99762-0023,ascroobyo0@addthis.com,Amata Scrooby
965,21 2260-0607,21 99266-1132,eplayfordo1@e-recht24.de,Etienne Playford
966,21 2265-5475,21 99145-3762,lbrudenello2@ebay.co.uk,Louise Brudenell
967,21 2204-5417,21 99034-9261,epettiwardo3@delicious.com,Ediva Pettiward
968,21 2201-9220,21 99880-4065,rtwinberrowo4@msu.edu,Reeba Twinberrow
969,21 2209-4615,21 99389-4148,mmacdearmaido5@mashable.com,Mick MacDearmaid
970,21 2225-8304,21 99913-9856,btellenbroko6@histats.com,Benny Tellenbrok
971,21 2230-8920,21 99949-0639,mclemitso7@marriott.com,Marcela Clemits
972,21 2239-8920,21 99886-5641,cfarnwortho8@soup.io,Curt Farnworth
973,21 2281-5124,21 99911-6750,pfarlando9@jiathis.com,Patric Farland
974,21 2287-5106,21 99436-5003,rbakeyoa@mail.ru,Regan Bakey
975,21 2259-8635,21 99347-2933,ddoughillob@discuz.net,Daren Doughill
976,21 2200-9697,21 99323-7472,agorgloc@ft.com,Annabal Gorgl
977,21 2270-5195,21 99687-2674,rwardhawod@nih.gov,Russell Wardhaw
978,21 2211-7494,21 99628-5255,cabbateoe@dropbox.com,Chryste Abbate
979,21 2264-1263,21 99485-1964,bmacruryof@youtube.com,Bradley MacRury
980,21 2292-9416,21 99582-7269,wroobottomog@infoseek.co.jp,Wheeler Roobottom
981,21 2247-7194,21 99440-7300,plauritsenoh@sun.com,Philbert Lauritsen
982,21 2247-7647,21 99966-9986,iwarhurstoi@yolasite.com,Ivie Warhurst
983,21 2274-6260,21 99148-1688,gstuddersoj@tinyurl.com,Grange Studders
984,21 2206-1150,21 99311-7563,jmickleburghok@webnode.com,Jacquelin Mickleburgh
985,21 2233-6820,21 99903-9985,eiveyol@msn.com,Eldredge Ivey
986,21 2239-0049,21 99138-8894,hpunchardom@creativecommons.org,Hildy Punchard
987,21 2230-1019,21 99519-2037,dheritegeon@soundcloud.com,Dixie Heritege
988,21 2206-8508,21 99811-2972,mtilfordoo@hatena.ne.jp,Maryellen Tilford
989,21 2217-9977,21 99774-3222,ceneverop@tinypic.com,Cinderella Enever
990,21 2292-6648,21 99315-0248,kkochsoq@comsenz.com,Katharyn Kochs
991,21 2235-7448,21 99362-3005,tgobyor@last.fm,Teirtza Goby
992,21 2296-7884,21 99586-5535,bibbesonos@sitemeter.com,Brynna Ibbeson
993,21 2233-6014,21 99930-3968,wgerryot@bloglovin.com,Ware Gerry
994,21 2227-1679,21 99252-8416,hconklinou@opensource.org,Harley Conklin
995,21 2252-4137,21 99843-2023,aprobinov@nih.gov,Aloin Probin
996,21 2228-7255,21 99790-8958,ctenpennyow@clickbank.net,Clywd Tenpenny
997,21 2212-6817,21 99844-5898,rpierrepointox@nsw.gov.au,Rebe Pierrepoint
998,21 2231-1214,21 99634-1496,rspilleroy@usnews.com,Robbi Spiller
999,21 2202-4718,21 99348-7634,aklosgesoz@vinaora.com,Allis Klosges
1000,21 2232-2754,21 99493-0156,icantorp0@de.vu,Iona Cantor
1001,21 2232-8952,21 99369-6669,gnaptinp1@constantcontact.com,Gwen Naptin
1002,21 2261-5409,21 99314-9522,bgermonp2@exblog.jp,Bryn Germon
1003,21 2286-9295,21 99517-2195,lhalbordp3@umich.edu,Lucias Halbord
1004,21 2216-5527,21 99576-9689,mblaydp4@netvibes.com,Madalyn Blayd
1005,21 2271-4467,21 99457-4673,kpatkinp5@creativecommons.org,Krista Patkin
1006,21 2264-2249,21 99806-6379,bdamiralp6@ox.ac.uk,Beale Damiral
1007,21 2298-5698,21 99233-6485,clippiellop7@ca.gov,Cleo Lippiello
1008,21 2270-4709,21 99211-4354,acharnockp8@woothemes.com,Ahmed Charnock
1009,21 2245-9291,21 99229-0107,cheaneyp9@1und1.de,Chrissie Heaney
1010,21 2270-3865,21 99518-8436,jfaudriepa@marketwatch.com,Justinian Faudrie
1011,21 2206-2546,21 99103-0841,mlidgettpb@google.de,Marget Lidgett
1012,21 2286-3233,21 99815-7258,gbazelypc@washingtonpost.com,Graeme Bazely
1013,21 2212-3648,21 99255-1203,gdrysdellpd@va.gov,Grissel Drysdell
1014,21 2204-2074,21 99056-2178,btregienpe@npr.org,Bonni Tregien
1015,21 2259-9528,21 99225-0882,nlukianovichpf@wired.com,Nicol Lukianovich
1016,21 2263-0054,21 99036-5556,ctythepg@google.co.uk,Chancey Tythe
1017,21 2213-6097,21 99369-5439,lbraundph@fotki.com,Lalo Braund
1018,21 2294-4108,21 99875-3585,kburwinpi@salon.com,Kipper Burwin
1019,21 2229-1235,21 99768-1686,bpawlaczykpj@craigslist.org,Bertha Pawlaczyk
1020,21 2272-0453,21 99340-2196,kvaughampk@furl.net,Karim Vaugham
1021,21 2239-3267,21 99355-2487,mkoschekpl@npr.org,Maggy Koschek
1022,21 2231-2320,21 99815-3791,wdevonaldpm@google.ru,Winfred Devonald
1023,21 2229-5392,21 99921-1323,mscuphampn@squidoo.com,Marcille Scupham
1024,21 2200-9280,21 99683-0077,jgryglewskipo@un.org,Julio Gryglewski
1025,21 2238-6622,21 99995-4741,ltonnapp@indiegogo.com,Lane Tonna
1026,21 2264-4884,21 99959-4994,gbrahamspq@wikispaces.com,Giff Brahams
1027,21 2243-9975,21 99056-5636,abeltznerpr@ft.com,Audra Beltzner
1028,21 2252-4960,21 99878-5686,facasterps@umn.edu,Floria Acaster
1029,21 2247-8634,21 99816-1107,cpatterfieldpt@themeforest.net,Christopher Patterfield
1030,21 2228-9883,21 99039-2524,sbezantspu@g.co,Sarene Bezants
1031,21 2262-8574,21 99689-2941,rokennavainpv@ca.gov,Rosy O'Kennavain
1032,21 2286-4012,21 99397-6648,tsprowsonpw@tripadvisor.com,Tonnie Sprowson
1033,21 2273-3597,21 99742-5254,bnalderpx@harvard.edu,Bartel Nalder
1034,21 2244-0560,21 99109-8129,agostlingpy@toplist.cz,Ailina Gostling
1035,21 2272-1880,21 99316-4611,jbidmeadpz@devhub.com,Jeromy Bidmead
1036,21 2238-4070,21 99197-9147,pachromovq0@booking.com,Pren Achromov
1037,21 2258-5224,21 99198-4979,svigersq1@ycombinator.com,Selina Vigers
1038,21 2217-4385,21 99718-8334,esturneyq2@army.mil,Euell Sturney
1039,21 2259-3935,21 99206-0270,btunmoreq3@arizona.edu,Berny Tunmore
1040,21 2224-5405,21 99022-8434,mcaminq4@netvibes.com,Malva Camin
1041,21 2264-7986,21 99445-7282,wstegersq5@rediff.com,Washington Stegers
1042,21 2257-3157,21 99525-2773,sprobynq6@dyndns.org,Sharla Probyn
1043,21 2250-8415,21 99728-1490,ldivinaq7@shareasale.com,Lesli Divina
1044,21 2289-3552,21 99997-5079,gmacmakinq8@ustream.tv,Garry MacMakin
1045,21 2232-6526,21 99471-7659,kvenmoreq9@walmart.com,Kelci Venmore
1046,21 2296-2552,21 99686-1676,rdeliaqa@slate.com,Rodolphe D'Elia
1047,21 2232-0525,21 99434-0292,craitqb@hatena.ne.jp,Catina Rait
1048,21 2278-0806,21 99746-2345,mosanqc@naver.com,Marabel Osan
1049,21 2267-7744,21 99367-5926,atunniclisseqd@cornell.edu,Angele Tunniclisse
1050,21 2271-4665,21 99254-6925,grudhamqe@unc.edu,Gaven Rudham
1051,21 2269-7488,21 99436-8572,dsergeantqf@google.nl,Dolf Sergeant
1052,21 2218-6488,21 99175-2914,aduesterqg@infoseek.co.jp,Antonella Duester
1053,21 2222-2336,21 99775-3340,hedyqh@google.com.hk,Haroun Edy
1054,21 2234-9895,21 99145-0952,sjenkisonqi@gravatar.com,Smitty Jenkison
1055,21 2276-8989,21 99400-1329,bbickqj@bravesites.com,Bud Bick
1056,21 2206-2233,21 99342-1599,btominiqk@ucla.edu,Broderic Tomini
1057,21 2243-6510,21 99455-6957,tmillerql@ftc.gov,Taite Miller
1058,21 2200-9178,21 99789-8677,ewildmanqm@jimdo.com,Emelita Wildman
1059,21 2241-0257,21 99152-8266,cchoudhuryqn@yale.edu,Cyrus Choudhury
1060,21 2240-2757,21 99986-7949,kdowningqo@goodreads.com,Kristy Downing
1061,21 2230-7491,21 99706-5472,cbrecknellqp@ca.gov,Curran Brecknell
1062,21 2206-6450,21 99646-8008,cswaytonqq@twitter.com,Christiano Swayton
1063,21 2214-6883,21 99175-8894,kboteqr@cafepress.com,Kym Bote
1064,21 2269-9072,21 99357-4320,rpennycordqs@mysql.com,Rance Pennycord
1065,21 2288-1553,21 99899-2423,acherringtonqt@guardian.co.uk,Aleece Cherrington
1066,21 2231-9550,21 99178-5737,gbascombqu@huffingtonpost.com,Gavra Bascomb
1067,21 2276-3936,21 99719-4698,dureyqv@eepurl.com,Dominik Urey
1068,21 2241-4214,21 99145-8265,gnellenqw@simplemachines.org,Gisela Nellen
1069,21 2233-0094,21 99511-6412,jhinnerkqx@ameblo.jp,Justinian Hinnerk
1070,21 2230-1297,21 99116-6062,jdeqy@google.ca,Janot De Ath
1071,21 2200-5144,21 99529-6452,rwhatleyqz@bigcartel.com,Rozanne Whatley
1072,21 2216-7650,21 99495-0665,dofearguiser0@toplist.cz,Dionne O'Fearguise
1073,21 2222-2997,21 99344-0645,cmillenr1@ucsd.edu,Cynthia Millen
1074,21 2201-2586,21 99935-8430,cthewlessr2@purevolume.com,Colene Thewless
1075,21 2289-6728,21 99621-3419,lhaggerstoner3@edublogs.org,Lew Haggerstone
1076,21 2293-6670,21 99113-8838,kmarriottr4@indiatimes.com,Karita Marriott
1077,21 2210-7043,21 99763-2739,jmcgonigalr5@woothemes.com,Jase McGonigal
1078,21 2208-5589,21 99292-9482,aportalr6@networkadvertising.org,Alphard Portal
1079,21 2294-6279,21 99728-6649,qblatchfordr7@oakley.com,Quill Blatchford
1080,21 2247-3444,21 99469-3083,jfortunr8@furl.net,Jan Fortun
1081,21 2236-2139,21 99359-6787,chabertr9@nbcnews.com,Corette Habert
1082,21 2295-3511,21 99035-9259,rmiellra@go.com,Roland Miell
1083,21 2268-2438,21 99664-5834,mwebbyrb@hp.com,Monika Webby
1084,21 2275-1550,21 99321-0984,chughfrc@reference.com,Chere Hughf
1085,21 2298-0258,21 99737-9449,agibbyrd@gizmodo.com,Alley Gibby
1086,21 2290-3672,21 99405-4758,rsimacekre@google.es,Reynard Simacek
1087,21 2284-1971,21 99827-2515,ckrautrf@a8.net,Carleton Kraut
1088,21 2271-7089,21 99442-5884,ewaughrg@nyu.edu,Emory Waugh
1089,21 2225-5799,21 99092-0046,gpunchardrh@myspace.com,Goldi Punchard
1090,21 2214-3989,21 99834-4961,rpaulari@goo.gl,Reginauld Paula
1091,21 2255-3907,21 99157-2174,remenyrj@time.com,Romonda Emeny
1092,21 2227-7964,21 99939-4523,ssharplerk@theatlantic.com,Selia Sharple
1093,21 2255-5976,21 99651-4488,dcopestakerl@cocolog-nifty.com,Dennet Copestake
1094,21 2216-2910,21 99768-5852,kselfrm@harvard.edu,Kendall Self
1095,21 2297-2713,21 99315-2633,haprilrn@oakley.com,Hermie April
1096,21 2260-4779,21 99950-3115,mdrustro@ucoz.com,Mill Drust
1097,21 2214-4215,21 99509-0206,agidneyrp@webmd.com,Ammamaria Gidney
1098,21 2295-2623,21 99614-4011,zgrisardrq@goo.ne.jp,Zitella Grisard
1099,21 2293-4370,21 99643-2497,zdavallrr@lulu.com,Zena Davall
